INIT_INTRUMENT;INIT_INTRUMENT_TYPE;REF_SPECTRUM_TYPE;REF_INTRUMENT;REF_INTRUMENT_TYPE;REF_MODELE;REF_RESOLUTION;REF_IONISATION
Acquity UPLC Peptide BEH C18 column (50 x 2.1 mm;;;;;;;
None;LC-ESI-IT (LC/MSD Trap XCT, Agilent Technologies);LC;Agilent instrument model;IT;LC/MSD Trap XCT;LOW;ESI
None;Flow-injection QqQ/MS;LC;Unknown instrument model;QQQ;TODELETE;LOW;ESI
6530 QTOF Agilent;LC-ESI-QTOF;LC;Agilent instrument model;QTOF;6530;HIGH;ESI
LC-MS2010A, Shimadzu;LC-ESI-Q;LC;Shimadzu instrument model;Q;LCMS-2010A;LOW;ESI
None;Linear Ion Trap;LC;Unknown instrument model;IT;TODELETE;LOW;ESI
None;LC-ESI-Q-FT;LC;Thermo Fisher Scientific instrument model;QFT;Q-Exactive;HIGH;ESI
Agilent 6550 iFunnel;LC-ESI-QTOF;LC;Agilent instrument model;QTOF;6550;HIGH;ESI
None;DI-ESI-Ion Trap;DI;Unknown instrument model;IT;TODELETE;LOW;ESI
API QSTAR;QIT;LC;SCIEX instrument model;QIT;;LOW;ESI
6664 QTOF Agilent;LC-ESI-QTOF;LC;Agilent instrument model;QTOF;6664;HIGH;ESI
6601 QTOF Agilent;LC-ESI-QTOF;LC;Agilent instrument model;QTOF;6601;HIGH;ESI
6641 QTOF Agilent;LC-ESI-QTOF;LC;Agilent instrument model;QTOF;6641;HIGH;ESI
6679 QTOF Agilent;LC-ESI-QTOF;LC;Agilent instrument model;QTOF;6679;HIGH;ESI
6615 QTOF Agilent;LC-ESI-QTOF;LC;Agilent instrument model;QTOF;6615;HIGH;ESI
APCI-ITFT;ESI-APCI-ITFT;LC;Unknown instrument model;ITFT;;HIGH;APCI
6572 QTOF Agilent;LC-ESI-QTOF;LC;Agilent instrument model;QTOF;6572;HIGH;ESI
6599 QTOF Agilent;LC-ESI-QTOF;LC;Agilent instrument model;QTOF;6599;HIGH;ESI
None;APCI-ITFT;LC;Thermo Fisher Scientific instrument model;ITFT; Orbitrap;HIGH;APCI
None;LC-ESI-QQ;LC;Unknown instrument model;QQ;TODELETE;LOW;ESI
LCMS-8045 (Shimadzu, Kyoto, Japan);LC-ESI-QQ;LC;Shimadzu instrument model;QQ;LCMS-8045;HIGH;ESI
6597 QTOF Agilent;LC-ESI-QTOF;LC;Agilent instrument model;QTOF;6597;HIGH;ESI
6557 QTOF Agilent;LC-ESI-QTOF;LC;Agilent instrument model;QTOF;6557;HIGH;ESI
TSQ 7000;LC-ESI-QQ;LC;Thermo Fisher Scientific instrument model;QQ;TSQ 7000;LOW;ESI
6562 QTOF Agilent;LC-ESI-QTOF;LC;Agilent instrument model;QTOF;6562;HIGH;ESI
SCIEX 5600;in-silico QTOF;LC;SCIEX instrument model;QTOF;5600 PlusTripleTOF ;HIGH;ESI
JEOL JMS DX-300;FAB-B;LC;JEOL Ltd instrument model;B;JMS DX-300;LOW;FAB
LTQ Orbitrap Fusion Tribrid, Thermo Scientfic;ESI-ITFT;LC;Thermo Fisher Scientific instrument model;ITFT;Orbitrap Fusion Tribrid ;HIGH;ESI
Agilent 6530 QTOF;LC-ESI-QTOF;LC;Agilent instrument model;QTOF;6530;HIGH;ESI
XEVO-G2S;LC-ESI-QTOF;LC;Waters instrument model;QTOF;Xevo G2-S;HIGH;ESI
6578 QTOF Agilent;LC-ESI-QTOF;LC;Agilent instrument model;QTOF;6578;HIGH;ESI
Thermo Scientific LTQ-XL (San Jose, CA, USA);LC-ESI-QIT;LC;Thermo Fisher Scientific instrument model;QIT;LTQ XL;LOW;ESI
VARIAN MAT-44;CI-B;GC;Thermo Fisher Scientific instrument model;B; GC - Varian MAT 44;LOW;CI
None;CE-ESI-TOF (CE-system connected to 6210 Time-of-Flight MS, Agilent);CE;Agilent instrument model;TOF;6210;HIGH;ESI
Agilent 6550 iFunnel;Q-TOF;LC;Agilent instrument model;QTOF;6550;HIGH;ESI
6625 QTOF Agilent;LC-ESI-QTOF;LC;Agilent instrument model;QTOF;6625;HIGH;ESI
None;QIT-TOF;LC;Unknown instrument model;QITTOF;;HIGH;ESI
6677 QTOF Agilent;LC-ESI-QTOF;LC;Agilent instrument model;QTOF;6677;HIGH;ESI
LCQ Deca XPplus;QIT;LC;Thermo Fisher Scientific instrument model;QIT;LCQ Deca XP plus;LOW;ESI
Waters Xevo G2 Q-Tof;LC-ESI-QTOF;LC;Waters instrument model;QTOF;Xevo G2;HIGH;ESI
Orbitrap;DI-ESI-FT;LC;Thermo Fisher Scientific instrument model;FT;Orbitrap;HIGH;ESI
AXIMA QIT (Shimadzu);MALDI-QIT;LC;Shimadzu instrument model;QIT;Axima;LOW;MALDI
6637 QTOF Agilent;LC-ESI-QTOF;LC;Agilent instrument model;QTOF;6637;HIGH;ESI
6654 QTOF Agilent;LC-ESI-QTOF;LC;Agilent instrument model;QTOF;6654;HIGH;ESI
None;LC-ESI-ITTOF (LCMS-IT-TOF);LC;Unknown instrument model;ITTOF;;HIGH;ESI
qTof;ESI-qTof;LC;Unknown instrument model;QTOF;;HIGH;ESI
6658 QTOF Agilent;LC-ESI-QTOF;LC;Agilent instrument model;QTOF;6658;HIGH;ESI
Q-Exactive Orbitrap Thermo Scientific;LC-ESI-QFT;LC;Thermo Fisher Scientific instrument model;ITFT;Orbitrap;HIGH;ESI
HPLC-ESI-TOF;ESI-HPLC-ESI-TOF;LC;Unknown instrument model;TOF;;HIGH;ESI
6676 QTOF Agilent;LC-ESI-QTOF;LC;Agilent instrument model;QTOF;6676;HIGH;ESI
UPLC-ESI-QTOF;ESI-UPLC-ESI-QTOF;LC;Unknown instrument model;QTOF;;HIGH;ESI
None;LC-Q-TOF/MS;LC;Unknown instrument model;QTOF;;HIGH;ESI
ESI-QTOF;N/A-ESI-QTOF;LC;Unknown instrument model;QTOF;;HIGH;ESI
None;CI-B (Unknown);GC;Unknown instrument model;B;TODELETE;LOW;CI
6580 QTOF Agilent;LC-ESI-QTOF;LC;Agilent instrument model;QTOF;6580;HIGH;ESI
6644 QTOF Agilent;LC-ESI-QTOF;LC;Agilent instrument model;QTOF;6644;HIGH;ESI
Shimadzu LC18A-IT-TOFMS;LC-ESI-ITTOF;LC;Shimadzu instrument model;ITTOF;LCMS-18A;HIGH;ESI
None;MALDI-QIT;LC;Unknown instrument model;QIT;TODELETE;LOW;MALDI
Q-Exactive Orbitrap Thermo Scientific;LC-ESI-ITFT;LC;Thermo Fisher Scientific instrument model;ITFT;Orbitrap;HIGH;ESI
6589 QTOF Agilent;LC-ESI-QTOF;LC;Agilent instrument model;QTOF;6589;HIGH;ESI
Agilent QTOF 6550;LC-ESI-QTOF;LC;Agilent instrument model;QTOF;6550;HIGH;ESI
None;FAB-BE;LC;Unknown instrument model;BE;TODELETE;HIGH;FAB
6612 QTOF Agilent;LC-ESI-QTOF;LC;Agilent instrument model;QTOF;6612;HIGH;ESI
None;LC-ESI-Ion Trap;LC;Unknown instrument model;IT;TODELETE;LOW;ESI
Agilent LC QTOF;None;LC;Agilent instrument model;QTOF;;HIGH;ESI
LC-ESI-ITTOF;LC-ESI-ITTOF-LC-ESI-ITTOF;LC;Unknown instrument model;ITTOF;;HIGH;ESI
TSQ Vantage, Thermo Scientific coupled to Nexera, Shimadzu;LC-ESI-QQ;LC;Thermo Fisher Scientific instrument model;QQ;TSQ Vantage;LOW;ESI
None;CE-QTOF-MS system (Agilent 7100 CE + 6550 QTOF);CE;Agilent instrument model;QTOF;6550;HIGH;ESI
Bruker Esquire3000plus(Bruker-Franzen Analytik, Bremen, Germany);;;;;;;
None;ESI-QFT;LC;Unknown instrument model;QFT;Q-Exactive;HIGH;ESI
6553 QTOF Agilent;LC-ESI-QTOF;LC;Agilent instrument model;QTOF;6553;HIGH;ESI
6604 QTOF Agilent;LC-ESI-QTOF;LC;Agilent instrument model;QTOF;6604;HIGH;ESI
None;Flow-injection QqQ/MS;LC;Unknown instrument model;QQQ;TODELETE;LOW;ESI
qTOF;ESI-qTOF;LC;Unknown instrument model;QTOF;;HIGH;ESI
6534 QTOF Agilent;LC-ESI-QTOF;LC;Agilent instrument model;QTOF;6534;HIGH;ESI
ESI-QFT;N/A-ESI-QFT;LC;Thermo Fisher Scientific instrument model;QFT;Q-Exactive;HIGH;ESI
2695 HPLC Quadro Micro API, Waters;LC-ESI-QQ;LC;Waters instrument model;QQ;Micromass Quatro Micro API;LOW;ESI
None;LC-ESI-ITFT (LTQ FT XL Thermo Scientific);LC;Thermo Fisher Scientific instrument model;ITFT;LTQ FT XL Orbitrap;HIGH;ESI
QExactive Orbitrap HF-X (Thermo Scientific);LC-ESI-QFT;LC;Thermo Fisher Scientific instrument model;ITFT;Q-Exactive Orbitrap HF-X;HIGH;ESI
Thermo Fisher Scientific Trace 1310 Gas Chromatograph;None;GC;Thermo Fisher Scientific instrument model;UNKNOWN;TODELETE;HIGH;ESI
6608 QTOF Agilent;LC-ESI-QTOF;LC;Agilent instrument model;QTOF;6608;HIGH;ESI
Quattro Premier, Micromass. Alliance HT 2795,Waters;LC-ESI-QQ;LC;Waters instrument model;QQ;Micromass Quattro Premier;LOW;ESI
None;CI-B (HITACHI M-80);GC;Hitachi High-Tech instrument model;B;TODELETE;LOW;CI
6629 QTOF Agilent;LC-ESI-QTOF;LC;Agilent instrument model;QTOF;6629;HIGH;ESI
qToF;LC-ESI-qToF;LC;Unknown instrument model;QTOF;;HIGH;ESI
LTQ Orbitrap XL Thermo Scientific;LC-ESI-ITFT;LC;Thermo Fisher Scientific instrument model;ITFT;LTQ Orbitrap XL;HIGH;ESI
LTQ-Orbitrap XL;QIT;LC;Thermo Fisher Scientific instrument model;ITFT;LTQ Orbitrap XL;HIGH;ESI
Q-Exactive Plus Orbitrap Res 70k;LC-ESI-Q-Exactive Plus FT Res 70k;LC;Thermo Fisher Scientific instrument model;ITFT;Q-Exactive Plus Orbitrap;HIGH;ESI
6609 QTOF Agilent;LC-ESI-QTOF;LC;Agilent instrument model;QTOF;6609;HIGH;ESI
6588 QTOF Agilent;LC-ESI-QTOF;LC;Agilent instrument model;QTOF;6588;HIGH;ESI
QQQ;LC-ESI-QQQ;LC;Unknown instrument model;QQQ;;LOW;ESI
6673 QTOF Agilent;LC-ESI-QTOF;LC;Agilent instrument model;QTOF;6673;HIGH;ESI
Exploris 240 Orbitrap Thermo Scientific;LC-ESI-QFT;LC;Thermo Fisher Scientific instrument model;ITFT;Exploris 240 Orbitrap;HIGH;ESI
Vanquish Horizon UHPLC Thermo Scientific;;;;;;;
QTOF 6530, Agilent Technologies.;LC-ESI-QTOF;LC;Agilent instrument model;QTOF;6530;HIGH;ESI
QTOF Premier;Q-TOF;LC;Waters instrument model;QTOF;QTOF Premier;HIGH;ESI
SCIEX TripleTOF 6600;None;LC;SCIEX instrument model;TOF;triple ToF 6600;HIGH;ESI
6545 QTOF Agilent;LC-ESI-QTOF;LC;Agilent instrument model;QTOF;6545;HIGH;ESI
API QSTAR Pulsar i;LC-ESI-QTOF;LC;SCIEX instrument model;QTOF;API QSTAR Pulsar i;LOW;ESI
6628 QTOF Agilent;LC-ESI-QTOF;LC;Agilent instrument model;QTOF;6628;HIGH;ESI
CE-system connected to 6210 Time-of-Flight MS, Agilent;CE-ESI-TOF;CE;Agilent instrument model;TOF;6210;HIGH;ESI
Esquire 3000plus;QIT;LC;Bruker Daltonics instrument model;QIT;Esquire 3000 plus;HIGH;ESI
None;QqQ;LC;Unknown instrument model;QQQ;TODELETE;LOW;ESI
qTof;APCI-qTof;LC;Unknown instrument model;QTOF;;HIGH;APCI
6617 QTOF Agilent;LC-ESI-QTOF;LC;Agilent instrument model;QTOF;6617;HIGH;ESI
Maxis HD qTOF;Maxis HD qTOF;LC;Bruker Daltonics instrument model;QTOF;Maxis HD;HIGH;ESI
6623 QTOF Agilent;LC-ESI-QTOF;LC;Agilent instrument model;QTOF;6623;HIGH;ESI
Orbitrap Fusion, Thermo Scientific.;ESI-FT;LC;Thermo Fisher Scientific instrument model;FT;Orbitrap Fusion;HIGH;ESI
6566 QTOF Agilent;LC-ESI-QTOF;LC;Agilent instrument model;QTOF;6566;HIGH;ESI
6643 QTOF Agilent;LC-ESI-QTOF;LC;Agilent instrument model;QTOF;6643;HIGH;ESI
Xevo G2 XS QTOF, waters;ESI-QTOF;LC;Waters instrument model;QTOF;Xevo G2-S;HIGH;ESI
None;Q-Exactive HF;LC;Thermo Fisher Scientific instrument model;ITFT;Q-Exactive HF;HIGH;ESI
VG Platform;LC-APCI-Q;LC;Waters instrument model;Q;VG platform;LOW;APCI
Thermo Q-Exactive Plus;LC-ESI-QFT;LC;Thermo Fisher Scientific instrument model;QFT;Q-Exactive Plus;HIGH;ESI
6574 QTOF Agilent;LC-ESI-QTOF;LC;Agilent instrument model;QTOF;6574;HIGH;ESI
Quattro_QQQ:40eV;Negative-Quattro_QQQ:40eV;LC;Waters instrument model;QQQ;Quattro micro;LOW;UNKNOWN
ACQUITY UPLC system (Waters Co., MA, USA);LC-ESI-QTOF;LC;Waters instrument model;QTOF;;HIGH;ESI
Xevo TQS micro (Waters, MA, USA);ESI-QQ;LC;Waters instrument model;QQ;Xevo TQS Micro;LOW;ESI
Ion Trap;APCI-Ion Trap;LC;Unknown instrument model;IT;;LOW;APCI
6563 QTOF Agilent;LC-ESI-QTOF;LC;Agilent instrument model;QTOF;6563;HIGH;ESI
6671 QTOF Agilent;LC-ESI-QTOF;LC;Agilent instrument model;QTOF;6671;HIGH;ESI
6618 QTOF Agilent;LC-ESI-QTOF;LC;Agilent instrument model;QTOF;6618;HIGH;ESI
None;FAB-EBEB (JMS-HX/HX 110A, JEOL);LC;JEOL Ltd instrument model;EBEB;JMS-HX/HX 110A;LOW;FAB
None;DI-ESI-Hybrid FT;DI;Thermo Fisher Scientific instrument model;FT;Orbitrap;HIGH;ESI
QTOF, SYNAPT, Waters;None;LC;Waters instrument model;QTOF;SYNAPT;HIGH;?
JMS DX-300/JMS-3500 data system, Japan Electron Optics Laboratory, Japan;FD-B;LC;JEOL Ltd instrument model;B;JMS DX-300;LOW;FD
Q-Exactive Plus;LC-ESI-Q-Exactive Plus;LC;Thermo Fisher Scientific instrument model;FT;Q-Exactive Plus;HIGH;ESI
LC-ESI-Q;ESI-LC-ESI-Q;LC;Unknown instrument model;Q;;LOW;ESI
N/A;ESI-QTOF;LC;Unknown instrument model;QTOF;;HIGH;ESI
None;LC-ESI-ITFT (LTQ FT XL, Thermo Scientfic);LC;Thermo Fisher Scientific instrument model;ITFT;LTQ Orbitrap XL;HIGH;ESI
None;FAB-EBEB;LC;Unknown instrument model;EBEB;JMS-HX/HX 110A;HIGH;FAB
JEOL JMS-HX 110;FAB-EB;LC;JEOL Ltd instrument model;EB;JMS-HX 110;LOW;FAB
Q-Exactive;DI-ESI-Q-Exactive;DI;Thermo Fisher Scientific instrument model;QFT;Q-Exactive;HIGH;ESI
6584 QTOF Agilent;LC-ESI-QTOF;LC;Agilent instrument model;QTOF;6584;HIGH;ESI
LCMS-2020 (SHIMADZU Corp., Kyoto, Japan);APCI-Q;LC;Shimadzu instrument model;Q;LCMS-2020;LOW;APCI
None;ESI-ITTOF;LC;Unknown instrument model;ITTOF;;HIGH;ESI
6564 QTOF Agilent;LC-ESI-QTOF;LC;Agilent instrument model;QTOF;6564;HIGH;ESI
Thermo Fisher Scientific Q-Exactive GC Orbitrap GC-MS/MS;None;GC;Thermo Fisher Scientific instrument model;FT;TODELETE;HIGH;ESI
Thermo QExactive-HF;None;LC;Thermo Fisher Scientific instrument model;FT; Q-Exactive HF;HIGH;ESI
LCMS-IT-TOF (Shimadzu);APCI-ITTOF;LC;Shimadzu instrument model;ITTOF;;HIGH;APCI
Q-Exactive Plus Orbitrap Res 70k;-Q-Exactive Plus FT Res 70k;LC;Thermo Fisher Scientific instrument model;ITFT;Q-Exactive Plus Orbitrap;HIGH;ESI
6611 QTOF Agilent;LC-ESI-QTOF;LC;Agilent instrument model;QTOF;6611;HIGH;ESI
6662 QTOF Agilent;LC-ESI-QTOF;LC;Agilent instrument model;QTOF;6662;HIGH;ESI
Xevo G2-S QtOF, Waters (USA) coupled to ACQUITY UPLC, Waters (USA).;LC-ESI-QTOF;LC;Waters instrument model;QTOF;Xevo G2-S;HIGH;ESI
6540 QTOF Agilent;LC-ESI-QTOF;LC;Agilent instrument model;QTOF;6540;HIGH;ESI
None;LC-ESI-QQ (UPLC Waters, Quattro Ultima Pt Micromass);LC;Waters instrument model;QQ;Micromass Quattro Ultima;LOW;ESI
Agilent 1200 RRLC;;;;;;;
None;CI-B (HITACHI M-60);LC;Hitachi High-Tech instrument model;B;M-60;LOW;CI
None;Q-Exactive Focus Hybrid Quadrupole FT Mass Spectrometer (Thermo Fisher Scientific);LC;Thermo Fisher Scientific instrument model;UNKNOWN;Q-Exactive Focus Hybrid;HIGH;UNKNOWN
6595 QTOF Agilent;LC-ESI-QTOF;LC;Agilent instrument model;QTOF;6595;HIGH;ESI
LC, Waters Acquity UPLC System;;;;;;;
QQQ;APCI-QQQ;LC;Unknown instrument model;QQQ;TODELETE;LOW;APCI
LTQ XL, Thermo Finnigan;LC-ESI-IT;LC;Thermo Fisher Scientific instrument model;IT;LTQ XL;LOW;ESI
LTQ;QIT;LC;Thermo Fisher Scientific instrument model;QIT;LTQ;LOW;UNKNOWN
Unknown;FD-B;LC;Unknown instrument model;B;TODELETE;HIGH;FD
6651 QTOF Agilent;LC-ESI-QTOF;LC;Agilent instrument model;QTOF;6651;HIGH;ESI
LCQ;QIT;LC;Thermo Fisher Scientific instrument model;QIT;LCQ;LOW;ESI
Agilent 6530;LC-ESI-QTOF;LC;Agilent instrument model;QTOF;6530;HIGH;ESI
6544 QTOF Agilent;LC-ESI-QTOF;LC;Agilent instrument model;QTOF;6544;HIGH;ESI
Xevo G2 XS QTOF waters;ESI-QTOF;LC;Waters instrument model;QTOF;Xevo G2-XS;HIGH;ESI
6531 QTOF Agilent;LC-ESI-QTOF;LC;Agilent instrument model;QTOF;6531;HIGH;ESI
6603 QTOF Agilent;LC-ESI-QTOF;LC;Agilent instrument model;QTOF;6603;HIGH;ESI
6570 QTOF Agilent;LC-ESI-QTOF;LC;Agilent instrument model;QTOF;6570;HIGH;ESI
LC-ESI-IT;LC-ESI-IT-LC-ESI-IT;LC;Unknown instrument model;IT;TODELETE;LOW;ESI
Esquire 3000;QIT;LC;Bruker Daltonics instrument model;QIT;Esquire 3000;LOW;ESI
6530 QTOF LC/MS Agilent;LC-ESI-QTOF;LC;Agilent instrument model;QTOF;6530;HIGH;ESI
Q-TOF SYNAPT, Waters;None;LC;Waters instrument model;QTOF;SYNAPT;HIGH;ESI
LC-APPI-QQ;ESI-LC-APPI-QQ;LC;Unknown instrument model;QQ;TODELETE;LOW;APPI
Waters QTof-Micro;LC-ESI-QTOF;LC;Waters instrument model;QTOF;QTOF Micro;HIGH;ESI
6672 QTOF Agilent;LC-ESI-QTOF;LC;Agilent instrument model;QTOF;6672;HIGH;ESI
None;CI-B (FINNIGAN-MAT 4500);GC;Thermo Fisher Scientific instrument model; B; Finnigan MAT 4500;HIGH;CI
SHIMADZU LKB-9000;CI-B;GC;Shimadzu instrument model;B;LKB-9000;HIGH;CI
Thermo Q-Exactive HF;LC-ESI-ITFT;LC;Thermo Fisher Scientific instrument model;ITFT;Q-Exactive HF;HIGH;ESI
LCQ Deca XP+;QIT;LC;Thermo Fisher Scientific instrument model;QIT;LCQ Deca XP+;HIGH;ESI
Waters Q-TOF SYNAPT;LC-ESI-QTOF;LC;Waters instrument model;QTOF;SYNAPT;HIGH;ESI
Waters2690;QqQ;LC;Waters instrument model;QQQ;2690;LOW;ESI
6666 QTOF Agilent;LC-ESI-QTOF;LC;Agilent instrument model;QTOF;6666;HIGH;ESI
None;LC-ESI-TOF;LC;Unknown instrument model;TOF;;HIGH;ESI
Q-TOF;ESI-Q-TOF;LC;Unknown instrument model;QTOF;;HIGH;ESI
6538 QTOF Agilent;LC-ESI-QTOF;LC;Agilent instrument model;QTOF;6538;HIGH;ESI
API3000, Applied Biosystems;LC-ESI-QQ;LC;Applied Biosystems instrument model;QQ;API 3000;HIGH;ESI
Q-Exactive Plus Orbitrap Thermo Scientific;None;LC;Thermo Fisher Scientific instrument model;ITFT;Q-Exactive Plus Orbitrap;HIGH;ESI
None;LC-ESI-QTOF;LC;Unknown instrument model;QTOF;;HIGH;ESI
None;DI-ESI-qTof;LC;Unknown instrument model;QTOF;;HIGH;ESI
Quattro_QQQ:25eV;Negative-Quattro_QQQ:25eV;LC;Waters instrument model;QQQ;Quattro;LOW;ESI
None;SI-BE;LC;Unknown instrument model;BE;TODELETE;HIGH;SI
Waters QTOF SYNAPT;None;LC;Waters instrument model;QTOF;SYNAPT;HIGH;ESI
6667 QTOF Agilent;LC-ESI-QTOF;LC;Agilent instrument model;QTOF;6667;HIGH;ESI
None;LC-ESI-ITFT;LC;Thermo Fisher Scientific instrument model;ITFT;Orbitrap;HIGH;ESI
maXis plus UHR-ToF-MS, Bruker Daltonics;LC-ESI-QTOF;LC;Bruker Daltonics instrument model;QTOF;Maxis plus HD;HIGH;ESI
LCT Micromass;LC-ESI-TOF;LC;Waters instrument model;TOF;LCT Micromass;HIGH;ESI
None;Quattro_QQQ;LC;Waters instrument model;QQQ;Quattro;LOW;ESI
qToF;ESI-qToF;LC;Unknown instrument model;QTOF;Unknown;HIGH;ESI
Thermo Q-Exactive HF;None;LC;Thermo Fisher Scientific instrument model;QFT;Q-Exactive HF;HIGH;ESI
QTOF Ultima API;Q-TOF;LC;Waters instrument model;QTOF;Ultima API;HIGH;ESI
6535 QTOF Agilent;LC-ESI-QTOF;LC;Agilent instrument model;QTOF;6535;HIGH;ESI
JMS-T100LP, JEOL;LC-ESI-TOF;LC;JEOL Ltd instrument model;TOF;JMS-T100LP;HIGH;ESI
impact HD;LC-ESI- impact HD;LC;Bruker Daltonics instrument model;QTOF;Impact HD;HIGH;ESI
Unknown;CI-B;GC;Unknown instrument model;B;TODELETE;HIGH;CI
Agilent 6530 Q-TOF;LC-ESI-QTOF;LC;Agilent instrument model;QTOF;6530;HIGH;ESI
Linear Ion Trap;N/A-Linear Ion Trap;LC;Unknown instrument model;IT;TODELETE;HIGH;ESI
LTQ Orbitrap XL, Thermo Scientfic;;;;;;;
Thermo Q-Exactive;LC-ESI-Q-FT;LC;Thermo Fisher Scientific instrument model;QFT;Q-Exactive;HIGH;ESI
6569 QTOF Agilent;LC-ESI-QTOF;LC;Agilent instrument model;QTOF;6569;HIGH;ESI
6630 QTOF Agilent;LC-ESI-QTOF;LC;Agilent instrument model;QTOF;6630;HIGH;ESI
6560 QTOF Agilent;LC-ESI-QTOF;LC;Agilent instrument model;QTOF;6560;HIGH;ESI
6669 QTOF Agilent;LC-ESI-QTOF;LC;Agilent instrument model;QTOF;6669;HIGH;ESI
None;Thermo LTQ;LC;Thermo Fisher Scientific instrument model;QIT;LTQ;LOW;ESI
API QSTAR;Q-TOF;LC;SCIEX instrument model;IT;QSTAR;HIGH;ESI
LC-ESI-QQ;LC-ESI-QQ-LC-ESI-QQ;LC;Unknown instrument model;QQ;;HIGH;ESI
None;Q-TOF;LC;Unknown instrument model;QTOF;;HIGH;ESI
Sciex TripleTOF5600;LC-QTOF;LC;SCIEX instrument model;TOF;5600 TripleTOF ;HIGH;ESI
APEX-II FT-ICR (Bruker Daltonics);ESI-ITFT;LC;Bruker Daltonics instrument model;ITFT;APEX II;HIGH;ESI
6648 QTOF Agilent;LC-ESI-QTOF;LC;Agilent instrument model;QTOF;6648;HIGH;ESI
Q-Exactive Orbitrap Thermo Scientific;LC-ESI-HRMS;LC;Thermo Fisher Scientific instrument model;FT;Q-Exactive Orbitrap;HIGH;ESI
None;LC-ESI-qTof;LC;Unknown instrument model;QTOF;;HIGH;ESI
6547 QTOF Agilent;LC-ESI-QTOF;LC;Agilent instrument model;QTOF;6547;HIGH;ESI
LC-ESI-QTOF;ESI-LC-ESI-QTOF;LC;Unknown instrument model;QTOF;;HIGH;ESI
Sciex 6600 TTOF;None;LC;SCIEX instrument model;TOF;6600 TripleTOF;HIGH;ESI
Ion Trap;LC-ESI-Ion Trap;LC;Unknown instrument model;IT;TODELETE;LOW;ESI
LC/MSD Trap XCT, Agilent Technologies;LC-ESI-IT;LC;Agilent instrument model;IT;LC/MSD Trap XCT;LOW;ESI
ACQUITY UPLC System, Waters;LC-ESI-QTOF;LC;Waters instrument model;QTOF;;HIGH;ESI
6537 QTOF Agilent;LC-ESI-QTOF;LC;Agilent instrument model;QTOF;6537;HIGH;ESI
Agilent 6530;LC-ESI-QEHF;LC;Agilent instrument model;QTOF;6530;HIGH;ESI
QExactive Orbitrap HF-X (Thermo Scientific);LC-APCI-QFT;LC;Thermo Fisher Scientific instrument model;QFT;Q-Exactive Orbitrap HF-X;HIGH;APCI
API 3000;QqQ;LC;SCIEX instrument model;QQQ;API3000;HIGH;ESI
6592 QTOF Agilent;LC-ESI-QTOF;LC;Agilent instrument model;QTOF;6592;HIGH;ESI
N/A;N/A-N/A;LC;Unknown instrument model;Unknown;TODELETE;HIGH;ESI
LTQ Orbitrap XL hybrid iontrap-Orbitrap (Thermo Fisher Scientific, San Jose, CA, USA);LC-ESI-ITFT;LC;Thermo Fisher Scientific instrument model;ITFT;LTQ Orbitrap XL hybrid;HIGH;ESI
QTRAP;QqQ;LC;Unknown instrument model;QQQ;;HIGH;ESI
6635 QTOF Agilent;LC-ESI-QTOF;LC;Agilent instrument model;QTOF;6635;HIGH;ESI
Q-Exactive Orbitrap (Thermo Scientific);LC-ESI-QFT;LC;Thermo Fisher Scientific instrument model;QFT;Q-Exactive Orbitrap;HIGH;ESI
LC/MSD trap;QIT;LC;Agilent instrument model;QIT;LC/MSD Trap;LOW;ESI
Thermo Q-Exactive HF;ESI-QFT;LC;Thermo Fisher Scientific instrument model;QFT;Q-Exactive HF;HIGH;ESI
6621 QTOF Agilent;LC-ESI-QTOF;LC;Agilent instrument model;QTOF;6621;HIGH;ESI
6567 QTOF Agilent;LC-ESI-QTOF;LC;Agilent instrument model;QTOF;6567;HIGH;ESI
None;MALDI-QITTOF;LC;Bruker Daltonics instrument model;QITTOF;;HIGH;MALDI
LTQ-FT;QIT-FT;LC;Thermo Fisher Scientific instrument model;ITFT;LTQ FT;HIGH;ESI
6653 QTOF Agilent;LC-ESI-QTOF;LC;Agilent instrument model;QTOF;6653;HIGH;ESI
Orbitrap;LC-ESI-FT;LC;Thermo Fisher Scientific instrument model;FT;Orbitrap;HIGH;ESI
LC-ESI-QFT;ESI-LC-ESI-QFT;LC;Unknown instrument model;QFT;Exactive;HIGH;ESI
Orbitrap Fusion Tribrid Thermo Fisher Scientific;LC-ESI-QFT;LC;Thermo Fisher Scientific instrument model;QFT;Orbitrap Fusion Tribrid;HIGH;ESI
LC-ESI-QQ;ESI-LC-ESI-QQ;LC;Unknown instrument model;QQ;TODELETE;LOW;ESI
Orbitrap Exploris 120;None;LC;Thermo Fisher Scientific instrument model;FT;Orbitrap Exploris 120;HIGH;ESI
LC-Q-TOF/MS;ESI-LC-Q-TOF/MS;LC;Unknown instrument model;QTOF;;HIGH;ESI
6543 QTOF Agilent;LC-ESI-QTOF;LC;Agilent instrument model;QTOF;6543;HIGH;ESI
HITACHI M-80;CI-B;GC;Hitachi High-Tech instrument model;B;M-80;LOW;CI
6674 QTOF Agilent;LC-ESI-QTOF;LC;Agilent instrument model;QTOF;6674;HIGH;ESI
6575 QTOF Agilent;LC-ESI-QTOF;LC;Agilent instrument model;QTOF;6575;HIGH;ESI
Flow-injection QqQ/MS;ESI-Flow-injection QqQ/MS;LC;Unknown instrument model;NA;TODELETE;HIGH;ESI
AB Sciex TripleTOF 5600+ system (Q-TOF) equipped with a DuoSpray ion source;LC-ESI-QTOF;LC;SCIEX instrument model;QTOF;5600;HIGH;ESI
Hybrid FT;DI-ESI-Hybrid FT;LC;Unknown instrument model;FT;Exactive;HIGH;ESI
None;in-silico QTOF;LC;Unknown instrument model;NA;TODELETE;HIGH;ESI
6552 QTOF Agilent;LC-ESI-QTOF;LC;Agilent instrument model;QTOF;6552;HIGH;ESI
LCMS-IT-TOF;LC-ESI-ITTOF;LC;Unknown instrument model;ITQTOF;;HIGH;ESI
QQQ;ESI-QQQ;LC;Unknown instrument model;QQQ;;LOW;ESI
None;Waters SYNAPT;LC;Waters instrument model;QTOF;SYNAPT;HIGH;ESI
6550 Q-TOF (Agilent Technologies);LC-ESI-QTOF;LC;Agilent instrument model;QTOF;6550;HIGH;ESI
Unknown;FAB-EB;LC;Unknown instrument model;EB;TODELETE;HIGH;FAB
6627 QTOF Agilent;LC-ESI-QTOF;LC;Agilent instrument model;QTOF;6627;HIGH;ESI
6631 QTOF Agilent;LC-ESI-QTOF;LC;Agilent instrument model;QTOF;6631;HIGH;ESI
6586 QTOF Agilent;LC-ESI-QTOF;LC;Agilent instrument model;QTOF;6586;HIGH;ESI
Agilent 6560;LC-QTOF;LC;Agilent instrument model;QTOF;6560;HIGH;ESI
API 2000 ESI-MS/MS system triple quadrupole mass spectrometer (Sciex Applied Biosystems, Toronto, Canada);LC-ESI-QQ;LC;SCIEX instrument model;QQ;;HIGH;ESI
None;LC-ESI-ITFT (LTQ FT XL, Thermo Scientific );LC;Thermo Fisher Scientific instrument model;ITFT;LTQ FT XL;HIGH;ESI
6607 QTOF Agilent;LC-ESI-QTOF;LC;Agilent instrument model;QTOF;6607;HIGH;ESI
6663 QTOF Agilent;LC-ESI-QTOF;LC;Agilent instrument model;QTOF;6663;HIGH;ESI
None;QTOF;LC;Unknown instrument model;QTOF;;LOW;ESI
PTR-QMS 500 (IONICON Analytik GmbH, Innsbruck, Austria);CI-Q;GC;IONICON Analytik GmbH instrument model;CI-Q;TODELETE;LOW;CI
6546 QTOF Agilent;LC-ESI-QTOF;LC;Agilent instrument model;QTOF;6546;HIGH;ESI
6655 QTOF Agilent;LC-ESI-QTOF;LC;Agilent instrument model;QTOF;6655;HIGH;ESI
Q-Exactive;None;LC;Thermo Fisher Scientific instrument model;FT;Q-Exactive;HIGH;ESI
6550 QTOF Agilent;LC-ESI-QTOF;LC;Agilent instrument model;QTOF;6550;HIGH;ESI
6573 QTOF Agilent;LC-ESI-QTOF;LC;Agilent instrument model;QTOF;6573;HIGH;ESI
API2000, Applied;LC-APPI-QQ;LC;Applied Biosystems instrument model;QQ;API 2000;HIGH;APPI
6541 QTOF Agilent;LC-ESI-QTOF;LC;Agilent instrument model;QTOF;6541;HIGH;ESI
None;LC-ESI-Q;LC;Unknown instrument model;Q;TODELETE;LOW;ESI
Waters SYNAPT-G2 QTOF;LC-ESI-QTOF;LC;Waters instrument model;QTOF;SYNAPT-G2;HIGH;ESI
6646 QTOF Agilent;LC-ESI-QTOF;LC;Agilent instrument model;QTOF;6646;HIGH;ESI
6665 QTOF Agilent;LC-ESI-QTOF;LC;Agilent instrument model;QTOF;6665;HIGH;ESI
6571 QTOF Agilent;LC-ESI-QTOF;LC;Agilent instrument model;QTOF;6571;HIGH;ESI
None;LC-ESI-QQ (API3000, Applied Biosystems);LC;Applied Biosystems instrument model;QQ;API 3000;HIGH;ESI
None;LC-ESI-QIT (4000Q TRAP, Applied Biosystems);LC;Applied Biosystems instrument model;QIT;4000 Q;HIGH;ESI
6626 QTOF Agilent;LC-ESI-QTOF;LC;Agilent instrument model;QTOF;6626;HIGH;ESI
6539 QTOF Agilent;LC-ESI-QTOF;LC;Agilent instrument model;QTOF;6539;HIGH;ESI
JMS-T100LP, JEOL Ltd.;LC-ESI-TOF;LC;JEOL Ltd instrument model;TOF;JMS-T100LP;HIGH;esi
Bruker micrOTOF-Q;LC-ESI-QTOF;LC;Bruker Daltonics instrument model;QTOF;micrOTOF-Q;HIGH;ESI
LC-ESI-ITFT;LC-ESI-ITFT-LC-ESI-ITFT;LC;Unknown instrument model;ITFT;Orbitrap;LOW;ESI
Bruker maXis ESI-QTOF;LC-ESI-QTOF;LC;Bruker Daltonics instrument model;QTOF;Maxis HD;HIGH;ESI
Triple Quad 4500 (AB Sciex Pte. Ltd., USA);LC-ESI-QQ;LC;SCIEX instrument model;QQ;;HIGH;ESI
LTQ Orbitrap XL, Thermo Scientfic;LC-ESI-ITFT;LC;Thermo Fisher Scientific instrument model;ITFT;LTQ Orbitrap XL;HIGH;ESI
Thermo Q-Exactive;None;LC;Thermo Fisher Scientific instrument model;FT;Q-Exactive;HIGH;ESI
6587 QTOF Agilent;LC-ESI-QTOF;LC;Agilent instrument model;QTOF;6587;HIGH;ESI
6632 QTOF Agilent;LC-ESI-QTOF;LC;Agilent instrument model;QTOF;6632;HIGH;ESI
Quattro II;QqQ;LC;Waters instrument model;QQQ;Quattro II;LOW;ESI
LTQ Orbitrap XL Thermo Scientific;ESI-ITFT;LC;Thermo Fisher Scientific instrument model;ITFT;LTQ Orbitrap XL;HIGH;ESI
6680 QTOF Agilent;LC-ESI-QTOF;LC;Agilent instrument model;QTOF;6680;HIGH;ESI
Q-Tof Premier, Waters;LC-ESI-QTOF;LC;Waters instrument model;QTOF;QTOF Premier;HIGH;ESI
6622 QTOF Agilent;LC-ESI-QTOF;LC;Agilent instrument model;QTOF;6622;HIGH;ESI
None;None;LC;Unknown instrument model;Unknown;TODELETE;HIGH;ESI
Q-Exactive HF, Thermo Scientific [MS:1002523];LC-ESI-QFT;LC;Thermo Fisher Scientific instrument model;QFT;Q-Exactive HF;HIGH;ESI
6554 QTOF Agilent;LC-ESI-QTOF;LC;Agilent instrument model;QTOF;6554;HIGH;ESI
QTFO SYNAPT, Waters;None;LC;Waters instrument model;QTOF;SYNAPT;HIGH;ESI
6556 QTOF Agilent;LC-ESI-QTOF;LC;Agilent instrument model;QTOF;6556;HIGH;ESI
LCQ mass spectrometer (Finnigan MAT, San Jose, CA, USA);LC-ESI-QIT;LC;Thermo Fisher Scientific instrument model;QIT;LCQ;LOW;ESI
None;ESI-ITFT;LC;Thermo Fisher Scientific instrument model;ITFT;Orbitrap;HIGH;ESI
6650 QTOF Agilent;LC-ESI-QTOF;LC;Agilent instrument model;QTOF;6650;HIGH;ESI
Micromass Q-TOF II;LC-ESI-QTOF;LC;Waters instrument model;QTOF;Micromass QTOF II;HIGH;ESI
Agilent 6560 QTOF;LC-ESI-QTOF;LC;Agilent instrument model;QTOF;6560;HIGH;ESI
Quattro Premier XE;QIT;LC;Waters instrument model;QIT;Quattro Premier XE;LOW;ESI
None;LC-ESI-qToF;LC;Unknown instrument model;QTOF;;LOW;ESI
None;CI-B (JEOL JMS-D-300);GC;JEOL Ltd instrument model;B;JMS D-300;LOW;CI
Waters SYNAPT QTOF;None;LC;Waters instrument model;QTOF;SYNAPT;HIGH;ESI
LCQ Deca;QIT;LC;Thermo Fisher Scientific instrument model;QIT;LCQ Deca;LOW;ESI
6668 QTOF Agilent;LC-ESI-QTOF;LC;Agilent instrument model;QTOF;6668;HIGH;ESI
Quattro_QQQ:40eV;Positive-Quattro_QQQ:40eV;LC;Waters instrument model;QQQ;Quattro;LOW;ESI
Micromass Quattromicro;QqQ;LC;Waters instrument model;QQQ;Micromass Quattro Micro;LOW;ESI
FAB-EBEB;ESI-FAB-EBEB;LC;Unknown instrument model;EBEB;;HIGH;ESI
ACQUITY UPLC H-Class/Xevo TQD (Waters, Milford, USA);ESI-QQ;LC;Waters instrument model;QQ;Xevo TQD;LOW;ESI
None;LC-ESI-ITTOF;LC;Unknown instrument model;ITTOF;;HIGH;ESI
6620 QTOF Agilent;LC-ESI-QTOF;LC;Agilent instrument model;QTOF;6620;HIGH;ESI
6605 QTOF Agilent;LC-ESI-QTOF;LC;Agilent instrument model;QTOF;6605;HIGH;ESI
6577 QTOF Agilent;LC-ESI-QTOF;LC;Agilent instrument model;QTOF;6577;HIGH;ESI
Thermo Finnigan LTQ;Linear Ion Trap;LC;Thermo Fisher Scientific instrument model;QIT;LTQ;LOW;ESI
6619 QTOF Agilent;LC-ESI-QTOF;LC;Agilent instrument model;QTOF;6619;HIGH;ESI
None;ESI-QTOF;LC;Unknown instrument model;QTOF;TODELETE;HIGH;ESI
Hybrid Ft;LC-ESI-Hybrid Ft;LC;Unknown instrument model;FT;Orbitrap;HIGH;ESI
Q-Exactive Orbitrap Thermo Scientific;LC-ESI-HRMS-FT;LC;Thermo Fisher Scientific instrument model;QFT;Q-Exactive Orbitrap;HIGH;ESI
6636 QTOF Agilent;LC-ESI-QTOF;LC;Agilent instrument model;QTOF;6636;HIGH;ESI
6652 QTOF Agilent;LC-ESI-QTOF;LC;Agilent instrument model;QTOF;6652;HIGH;ESI
TripleTOF 5600+SCIEX;ESI-QTOF;LC;SCIEX instrument model;QTOF;;HIGH;ESI
6598 QTOF Agilent;LC-ESI-QTOF;LC;Agilent instrument model;QTOF;6598;HIGH;ESI
ExionLC AD, AB Sciex LLC, USA;;;;;;;
None;LC-ESI-QQQ;LC;Unknown instrument model;QQQ;TODELETE;LOW;ESI
None;MALDI-TOF (Voyager DE-PRO, Applied Biosystems);LC;Applied Biosystems instrument model;TOF;Voyager DE PRO;HIGH;MALDI
6542 QTOF Agilent;LC-ESI-QTOF;LC;Agilent instrument model;QTOF;6542;HIGH;ESI
Quantum Ultra AM;QIT;LC;Thermo Fisher Scientific instrument model;QIT;Quantum Ultra AM;HIGH;ESI
6661 QTOF Agilent;LC-ESI-QTOF;LC;Agilent instrument model;QTOF;6661;HIGH;ESI
Orbitrap Exploris 240 Thermo Scientific;LC-ESI-QFT;LC;Thermo Fisher Scientific instrument model;QFT;Orbitrap Exploris 240;HIGH;ESI
Agilent qTOF 6545;LC-ESI-QTOF;LC;Agilent instrument model;QTOF;6545;HIGH;ESI
Q-Exactive Orbitrap Plus Thermo Scientific;LC-ESI-QFT;LC;Thermo Fisher Scientific instrument model;QFT;Q-Exactive Plus Orbitrap;HIGH;ESI
None;LC-APCI-ITFT;LC;Thermo Fisher Scientific instrument model;FT;Orbitrap;HIGH;APCI
6656 QTOF Agilent;LC-ESI-QTOF;LC;Agilent instrument model;QTOF;6656;HIGH;ESI
LC-10ADVPmicro HPLC, Shimadzu;;;;;;;
UPLC Q-Tof Premier, Waters;LC-ESI-QTOF;LC;Waters instrument model;QTOF;QTOF Premier;HIGH;ESI
JEOL AX-505HA;CI-B;GC;JEOL Ltd instrument model;B;JMS AX-505 HA;LOW;CI
6640 QTOF Agilent;LC-ESI-QTOF;LC;Agilent instrument model;QTOF;6640;HIGH;ESI
LCQ Duo;QIT;LC;Thermo Fisher Scientific instrument model;QIT;LCQ Duo;HIGH;ESI
micrOTOF-Q;LC-ESI-QTOF;LC;Bruker Daltonics instrument model;QTOF;micrOTOF-Q;HIGH;ESI
Orbitrap Classic, Thermo Scientific;LC-ESI-ITFT;LC;Thermo Fisher Scientific instrument model;ITFT;Orbitrap Classic;HIGH;ESI
6649 QTOF Agilent;LC-ESI-QTOF;LC;Agilent instrument model;QTOF;6649;HIGH;ESI
None;LC-ESI-QFT;LC;Thermo Fisher Scientific instrument model;QFT;Q-Exactive;HIGH;ESI
Voyager DE-PRO, Applied Biosystems;MALDI-TOF;LC;Applied Biosystems instrument model;TOF;Voyager DE PRO;HIGH;MALDI
LC-ESI-QTOF;LC-ESI-QTOF-LC-ESI-QTOF;LC;Unknown instrument model;QTOF;;HIGH;ESI
LCMS-ITTOF, Shimadzu;LC-ESI-ITTOF;LC;Shimadzu instrument model;ITTOF;;HIGH;ESI
6565 QTOF Agilent;LC-ESI-QTOF;LC;Agilent instrument model;QTOF;6565;HIGH;ESI
None;LC-ESI-ITTOF (Shimadzu LC20A-IT-TOFMS);LC;Shimadzu instrument model;ITTOF;;HIGH;ESI
6657 QTOF Agilent;LC-ESI-QTOF;LC;Agilent instrument model;QTOF;6657;HIGH;ESI
TQD, Waters;Flow-injection QqQ/MS;LC;Waters instrument model;Unknown;TODELETE;LOW;ESI
LC-IT-TOF (Shimadzu);ESI-ITTOF;LC;Shimadzu instrument model;ITTOF;;HIGH;ESI
TQD, Waters;LC-ESI-QQ;LC;Waters instrument model;QQ;TODELETE;LOW;ESI
LTQ Orbitrap Velos Thermo Scientific;LC-ESI-ITFT;LC;Thermo Fisher Scientific instrument model;ITFT;LTQ Orbitrap Velos;HIGH;ESI
Maxis HD qTOF;LC-ESI-Maxis HD qTOF;LC;Bruker Daltonics instrument model;QTOF;Maxis HD;HIGH;ESI
6532 QTOF Agilent;LC-ESI-QTOF;LC;Agilent instrument model;QTOF;6532;HIGH;ESI
LTQ-Orbitrap;APCI-ITFT;LC;Thermo Fisher Scientific instrument model;ITFT;LTQ Orbitrap;HIGH;APCI
QTRAP;LIT;LC;Unknown instrument model;NA;TODELETE;;
API2000;LC-APPI-QQ;LC;SCIEX instrument model;QQQ;API2000;LOW;APPI
None;LC-ESI-QTOF (UPLC Q-Tof Premier, Waters);LC;Waters instrument model;QTOF;QTOF Premier;HIGH;ESI
Xevo TQ, Waters;LC-ESI-QQ;LC;Waters instrument model;QQ;Xevo TQ;LOW;ESI
Agilent 6530 Q-TOF;None;LC;Agilent instrument model;QTOF;6530;HIGH;ESI
Bruker MicrOTOF-Q;LC-ESI-QTOF;LC;Bruker Daltonics instrument model;QTOF;micrOTOF-Q;HIGH;ESI
6549 QTOF Agilent;LC-ESI-QTOF;LC;Agilent instrument model;QTOF;6549;HIGH;ESI
Orbitrap;APCI-FT;LC;Thermo Fisher Scientific instrument model;FT;Orbitrap;HIGH;APCI
Acquity UPLC and a Xevo TQ (Waters);LC-ESI-QQ;LC;Waters instrument model;QQ;Xevo TQ;LOW;ESI
JMS-S3000;MALDI-TOFTOF;LC;JEOL Ltd instrument model;TOF;JMS-S3000;HIGH;
M-4100 (Hitachi, Tokyo, Japan).;SI-BE;LC;Hitachi High-Tech instrument model;BE;TODELETE;LOW;ESI
TSQ QUANTUM AM;LC-ESI-QQ;LC;Thermo Fisher Scientific instrument model;QQQ;TSQ QUANTUM AM;HIGH;ESI
LCQ classic;QIT;LC;Thermo Fisher Scientific instrument model;QIT;LCQ classic;LOW;ESI
JMS-HX/HX 110A, JEOL;FAB-EBEB;LC;JEOL Ltd instrument model;EBEB;JMS-HX/HX 110A;LOW;FAB
None;LC-ESI-QIT;LC;Unknown instrument model;QIT;TODELETE;HIGH;ESI
6660 QTOF Agilent;LC-ESI-QTOF;LC;Agilent instrument model;QTOF;6660;HIGH;ESI
Xevo TQS micro (Waters, MA, USA) coupled to ACQUITY UPLC H-Class (Waters, MA, USA);LC-ESI-QQ;LC;Waters instrument model;QQ;Xevo TQS;LOW;ESI
LTQ Orbitap Velos (Thermofisher Scientific);ESI-ITFT;LC;Thermo Fisher Scientific instrument model;ITFT;LTQ Orbitap Velos;HIGH;ESI
None;NA;LC;Unknown instrument model;Unknown;TODELETE;HIGH;ESI
None;MALDI-TOFTOF;LC;Unknown instrument model;TOF;TODELETE;HIGH;MALDI
LCMS-2020 (SHIMADZU Corp., Kyoto, Japan) coupled to Vapur Interface (AMR. Inc., Tokyo, Japan).;APCI-Q;LC;Shimadzu instrument model;Q;;HIGH;APCI
6670 QTOF Agilent;LC-ESI-QTOF;LC;Agilent instrument model;QTOF;6670;HIGH;ESI
LC-ESI-ITTOF;ESI-LC-ESI-ITTOF;LC;Unknown instrument model;ITTOF;;HIGH;ESI
UPLC Waters, Quattro Ultima Pt Micromass;LC-ESI-QQ;LC;Waters instrument model;QQ;Micromass Quattro Ultima;LOW;ESI
Quattro_QQQ:10eV;Negative-Quattro_QQQ:10eV;LC;Waters instrument model;QQQ;Quattro;LOW;ESI
qTof;LC-APCI-qTof;LC;Unknown instrument model;QTOF;;HIGH;APCI
LCQ Deca Xpplus;QIT;LC;Thermo Fisher Scientific instrument model;QIT;LCQ Deca XP plus;LOW;ESI
None;FT;LC;Unknown instrument model;FT;;HIGH;UNKNOWN
6559 QTOF Agilent;LC-ESI-QTOF;LC;Agilent instrument model;QTOF;6559;HIGH;ESI
Agilent 6530 QTOF;None;LC;Agilent instrument model;QTOF;6530;HIGH;ESI
None;LIT;LC;Unknown instrument model;IT;TODELETE;HIGH;ESI
6593 QTOF Agilent;LC-ESI-QTOF;LC;Agilent instrument model;QTOF;6593;HIGH;ESI
Waters Synapt QTOF;None;LC;Waters instrument model;QTOF;SYNAPT;HIGH;??
6555 QTOF Agilent;LC-ESI-QTOF;LC;Agilent instrument model;QTOF;6555;HIGH;ESI
Quattro Premier, Micromass (USA) coupled to Alliance HT 2795, Waters (USA).;LC-ESI-QQ;LC;Waters instrument model;QQ;Micromass Quattro Premier;LOW;ESI
LC-ESI-IT;ESI-LC-ESI-IT;LC;Unknown instrument model;IT;;HIGH;ESI
LC-ESI-ITFT;ESI-LC-ESI-ITFT;LC;Unknown instrument model;ITFT;;HIGH;ESI
XCT;QIT;LC;Agilent instrument model;QIT;LC/MSD Trap XCT;LOW;ESI
Q-Exactive + Thermo Scientific;LC-ESI-QFT;LC;Thermo Fisher Scientific instrument model;QFT;Q-Exactive plus;HIGH;ESI
UHPLC-ESI-QTof XEVO G2-S QTof;None;LC;Waters instrument model;QTOF;Xevo G2-S;HIGH;ESI
None;SYNAPT QTOF, Waters;LC;Waters instrument model;QTOF;SYNAPT;HIGH;ESI
6602 QTOF Agilent;LC-ESI-QTOF;LC;Agilent instrument model;QTOF;6602;HIGH;ESI
6645 QTOF Agilent;LC-ESI-QTOF;LC;Agilent instrument model;QTOF;6645;HIGH;ESI
None;n/a;LC;Unknown instrument model;Unknown;TODELETE;HIGH;ESI
Q-Tof Premier, Waters;LC-Q-TOF/MS;LC;Waters instrument model;QTOF;QTOF Premier;HIGH;ESI
LCQ Advantage;QIT;LC;Thermo Fisher Scientific instrument model;QIT;LCQ Advantage;LOW;ESI
6606 QTOF Agilent;LC-ESI-QTOF;LC;Agilent instrument model;QTOF;6606;HIGH;ESI
Bruker maXis Impact;LC-ESI-QTOF;LC;Bruker Daltonics instrument model;QTOF;Impact HD;HIGH;ESI
6675 QTOF Agilent;LC-ESI-QTOF;LC;Agilent instrument model;QTOF;6675;HIGH;ESI
Q-Exactive Thermo Scientific;LC-ESI-QFT;LC;Thermo Fisher Scientific instrument model;QFT;Q-Exactive;HIGH;ESI
6561 QTOF Agilent;LC-ESI-QTOF;LC;Agilent instrument model;QTOF;6561;HIGH;ESI
Sciex Triple TOF 6600;None;LC;SCIEX instrument model;Unknown;TODELETE;HIGH;ESI
maXis (Bruker Daltonics);LC-ESI-QTOF;LC;Bruker Daltonics instrument model;QTOF;Maxis;HIGH;ESI
JMS DX-300/JMS-3500 data system, Japan Electron Optics Laboratory, Japan;FAB-B;LC;JEOL Ltd instrument model;B;JMS DX-300;LOW;FAB
6614 QTOF Agilent;LC-ESI-QTOF;LC;Agilent instrument model;QTOF;6614;HIGH;ESI
6583 QTOF Agilent;LC-ESI-QTOF;LC;Agilent instrument model;QTOF;6583;HIGH;ESI
Thermo Scientific Orbitrap ID-X;LC-ESI-FT;LC;Thermo Fisher Scientific instrument model;FT;Orbitrap ID-X;HIGH;ESI
None;LC-APPI-QQ (API2000);LC;SCIEX instrument model;QQQ;API2000;LOW;appi
Shimadzu LC20A-IT-TOFMS;LC-ESI-ITTOF;LC;Shimadzu instrument model;ITTOF;;HIGH;ESI
6550 QTOF (Agilent Technologies);LC-ESI-QTOF;LC;Agilent instrument model;QTOF;6550;HIGH;ESI
Q-Exactive Plus Orbitrap Thermo Scientific;LC-ESI-QFT;LC;Thermo Fisher Scientific instrument model;QFT;Q-Exactive Plus Orbitrap;HIGH;ESI
6594 QTOF Agilent;LC-ESI-QTOF;LC;Agilent instrument model;QTOF;6594;HIGH;ESI
Quattro_QQQ:10eV;Positive-Quattro_QQQ:10eV;LC;Waters instrument model;QQQ;Quattro;LOW;ESI
6558 QTOF Agilent;LC-ESI-QTOF;LC;Agilent instrument model;QTOF;6558;HIGH;ESI
JEOL JMS-D-300;CI-B;GC;JEOL Ltd instrument model;B;TODELETE;LOW;CI
Xevo TQ MS (Waters);LC-ESI-QQ;LC;Waters instrument model;QQ;Xevo TQ;LOW;ESI
HITACHI RMU-6D;CI-B;GC;Hitachi High-Tech instrument model;B;TODELETE;LOW;CI
6581 QTOF Agilent;LC-ESI-QTOF;LC;Agilent instrument model;QTOF;6581;HIGH;ESI
Dionex U3000 and Exactive Orbitrap (Thermofisher Scientific);LC-ESI-ITFT;LC;Thermo Fisher Scientific instrument model;ITFT;Exactive Orbitrap;HIGH;ESI
6551 QTOF Agilent;LC-ESI-QTOF;LC;Agilent instrument model;QTOF;6551;HIGH;ESI
Quattro_QQQ:25eV;Positive-Quattro_QQQ:25eV;LC;Waters instrument model;QQQ;Quattro;LOW;ESI
API 365;QqQ;LC;SCIEX instrument model;Unknown;TODELETE;HIGH;ESI
6642 QTOF Agilent;LC-ESI-QTOF;LC;Agilent instrument model;QTOF;6642;HIGH;ESI
Agilent QTof 6545, Agilent Technologies [MS:1000490];LC-ESI-QTOF;LC;Agilent instrument model;QTOF;6545;HIGH;ESI
Micromass (Altrincham, UK) QuattroII triple-quadrupole mass spectrometer, JASCO(Tokyo, Japan) model 980 LC;LC-ESI-QQ;LC;Waters instrument model;QQ;Micromass Quattro II;LOW;ESI
Q-Exactive Plus Orbitrap Res 14k;-Q-Exactive Plus FT Res 14k;LC;Thermo Fisher Scientific instrument model;LC-ESI-QFT;Q-Exactive Plus Orbitrap;HIGH;ESI
Ion Trap;ESI-Ion Trap;LC;Unknown instrument model;IT;;HIGH;ESI
API 3000 triple-quadrupole mass spectrometer (PerkinElmer Sciex, Concord, ON, Canada);LC-ESI-QQ;LC;SCIEX instrument model;QQ;;HIGH;ESI
Maxis II HD Q-TOF Bruker;LC-ESI-Maxis II HD Q-TOF Bruker;LC;Bruker Daltonics instrument model;QTOF;Maxis II HD;HIGH;ESI
QTOF SYNAPT, Waters;None;LC;Waters instrument model;QTOF;SYNAPT;HIGH;ESI
MALDI-QITTOF noncommercial prototype model (Shimadzu Corporation, Kyoto, Japan);MALDI-QITTOF;LC;Shimadzu instrument model;QITTOF;;HIGH;MALDI
6610 QTOF Agilent;LC-ESI-QTOF;LC;Agilent instrument model;QTOF;6610;HIGH;ESI
None;IT;LC;Unknown instrument model;IT;TODELETE;HIGH;UNKNOWN
Bruker Apex QE 12T FT-ICR;ESI-ITFT;LC;Bruker Daltonics instrument model;ITFT;APEX QE;HIGH;ESI
FINNIGAN-MAT 4500;CI-B;GC;Thermo Fisher Scientific instrument model;B;Finnigan MAT 4500;LOW;CI
ESI-FTICR;ESI-ESI-FTICR;LC;Unknown instrument model;FT;Orbitrap;HIGH;ESI
6678 QTOF Agilent;LC-ESI-QTOF;LC;Agilent instrument model;QTOF;6678;HIGH;ESI
Q-Exactive Orbitrap Thermo Scientific;LC-APCI-ITFT;LC;Thermo Fisher Scientific instrument model;ITFT;Q-Exactive Orbitrap;HIGH;APCI
Ion Trap;DI-ESI-Ion Trap;DI;Unknown instrument model;IT;TODELETE;HIGH;ESI
6550 Q-TOF (Agilent Technologies);LC-ESI-QTOF;LC;Agilent instrument model;QTOF;6550;HIGH;ESI
None;LC-APPI-QQ;LC;Unknown instrument model;QQ;TODELETE;HIGH;APPI
6634 QTOF Agilent;LC-ESI-QTOF;LC;Agilent instrument model;QTOF;6634;HIGH;ESI
qTOF;LC-ESI-qTOF;LC;Unknown instrument model;QTOF;;HIGH;ESI
LTQ Orbitrap Fusion Tribrid;None;LC;Thermo Fisher Scientific instrument model;ITFT;LTQ Orbitrap Fusion Tribrid;HIGH;ESI
Thermo QExactive-HF;LC-ESI-QEHF;LC;Thermo Fisher Scientific instrument model;FT;Q-Exactive HF;HIGH;ESI
JEOL JMS-DX-300;CI-B;GC;JEOL Ltd instrument model;B;JMS DX-300;LOW;CI
HITACHI M-60;CI-B;GC;Hitachi High-Tech instrument model;B;M-60;LOW;CI
LTQ Orbitrap XL, Thermo Scientific;LC-ESI-ITFT;LC;Thermo Fisher Scientific instrument model;ITFT;LTQ Orbitrap XL;HIGH;ESI
JMS-700, JEOL;FAB-BE;LC;JEOL Ltd instrument model;EB;JMS-700;LOW;FAB
LC-ITTOF-MS (Shimadzu, Kyoto, Japan);ESI-ITTOF;LC;Shimadzu instrument model;ITTOF;;HIGH;ESI
6647 QTOF Agilent;LC-ESI-QTOF;LC;Agilent instrument model;QTOF;6647;HIGH;ESI
4000 Q TRAP;Q IT;LC;Applied Biosystems instrument model;QIT;4000;HIGH;ESI
Micromass Quattromicro;in source CID;LC;Waters instrument model;QQQ;Quattro micro;LOW;ESI
Esquire;QIT;LC;Bruker Daltonics instrument model;QIT;Esquire;HIGH;ESI
LTQ-Orbitrap;LC-APCI-ITFT;LC;Thermo Fisher Scientific instrument model;ITFT;LTQ Orbitrap;HIGH;APCI
DIRECT INFUSION NANOESI-ION TRAP;DIRECT INFUSION NANOESI-ION TRAP-DIRECT INFUSION NANOESI-ION TRAP;DI;Unknown instrument model;Unknown;TODELETE;HIGH;ESI
Xevo QTOF (Waters);LC-ESI-QTOF;LC;Waters instrument model;QTOF;Xevo;HIGH;ESI
X500R QTOF (AB Sciex Pte. Ltd, USA);ESI-QTOF;LC;SCIEX instrument model;QTOF;X500R;HIGH;ESI
LCQ Deca XP;QIT;LC;Thermo Fisher Scientific instrument model;QIT;LCQ Deca XP;LOW;ESI
Hybrid FT;ESI-Hybrid FT;LC;Unknown instrument model;FT;;HIGH;ESI
Agilent (Waldbronn, Germany) Model 1100;;;;;;;
6659 QTOF Agilent;LC-ESI-QTOF;LC;Agilent instrument model;QTOF;6659;HIGH;ESI
QQQ;DI-ESI-QQQ;LC;Unknown instrument model;QQQ;TODELETE;HIGH;ESI
Q-Exactive Plus;DI-ESI-Q-Exactive Plus;DI;Thermo Fisher Scientific instrument model;QFT;Q-Exactive plus;HIGH;ESI
Bruker impact HD;LC-ESI-QTOF;LC;Bruker Daltonics instrument model;QTOF;Impact HD;HIGH;ESI
LTQ Orbitrap XL Thermo Scientific;APCI-ITFT;LC;Thermo Fisher Scientific instrument model;ITFT;LTQ Orbitrap XL;HIGH;APCI
Esquire 4000;QIT;LC;Bruker Daltonics instrument model;QIT;Esquire 4000;HIGH;ESI
6585 QTOF Agilent;LC-ESI-QTOF;LC;Agilent instrument model;QTOF;6585;HIGH;ESI
6596 QTOF Agilent;LC-ESI-QTOF;LC;Agilent instrument model;QTOF;6596;HIGH;ESI
None;QIT;LC;Unknown instrument model;QIT;TODELETE;HIGH;UNKNOWN
6591 QTOF Agilent;LC-ESI-QTOF;LC;Agilent instrument model;QTOF;6591;HIGH;ESI
6568 QTOF Agilent;LC-ESI-QTOF;LC;Agilent instrument model;QTOF;6568;HIGH;ESI
LTQ-XL;QIT;LC;Thermo Fisher Scientific instrument model;QIT;LTQ XL;HIGH;ESI
ESI-ITFT;ESI-ESI-ITFT;LC;Unknown instrument model;ITFT;;HIGH;ESI
None;LC-ESI-IT;LC;Unknown instrument model;IT;;HIGH;ESI
None;LC-QTOF;LC;Unknown instrument model;QTOF;;HIGH;ESI
ZQ, Waters;LC-ESI-Q;LC;Waters instrument model;Q;ZQ;LOW;ESI
4000Q TRAP, Applied Biosystems;LC-ESI-QIT;LC;Applied Biosystems instrument model;QIT;4000;HIGH;ESI
LTQ Orbitrap XL Thermo Fisher Scientific;LC-ESI-ITFT;LC;Thermo Fisher Scientific instrument model;ITFT;LTQ Orbitrap XL;HIGH;ESI
Thermo Q-Exactive HF;LC-ESI-QFT;LC;Thermo Fisher Scientific instrument model;QFT;Q-Exactive HF;HIGH;ESI
G2445A;QIT;LC;Agilent instrument model;QIT; LC/MSD Ion Trap G2445A;LOW;ESI
qTof;LC-ESI-qTof;LC;Unknown instrument model;QTOF;;HIGH;ESI
6548 QTOF Agilent;LC-ESI-QTOF;LC;Agilent instrument model;QTOF;6548;HIGH;ESI
Q-Exactive Plus Orbitrap Res 14k;LC-ESI-Q-Exactive Plus FT Res 14k;LC;Thermo Fisher Scientific instrument model;QFT;Q-Exactive Plus Orbitrap;HIGH;ESI
Q-Exactive Orbitrap Thermo Scientific;LC-ESI-ITFT;LC;Thermo Fisher Scientific instrument model;ITFT;Q-Exactive Orbitrap;HIGH;ESI
X500R QTOF (AB Sciex LLC, USA);ESI-QTOF;LC;SCIEX instrument model;QTOF;;HIGH;ESI
6633 QTOF Agilent;LC-ESI-QTOF;LC;Agilent instrument model;QTOF;6633;HIGH;ESI
X500R QTOF ( AB Sciex LLC, USA);ESI-QTOF;LC;SCIEX instrument model;QTOF;;HIGH;ESI
micrOTOF-Q;ESI-TOF;LC;Bruker Daltonics instrument model;QTOF;micrOTOF-Q;HIGH;ESI
6576 QTOF Agilent;LC-ESI-QTOF;LC;Agilent instrument model;QTOF;6576;HIGH;ESI
LTQ Orbitrap XL hybrid iontrap-Orbitrap (Thermo Fisher Scientific, San Jose, CA, USA);ESI-ITFT;LC;Thermo Fisher Scientific instrument model;ITFT;LTQ Orbitrap XL hybrid;HIGH;ESI
API III;QqQ;LC;SCIEX instrument model;QQQ;API III;LOW;ESI
6624 QTOF Agilent;LC-ESI-QTOF;LC;Agilent instrument model;QTOF;6624;HIGH;ESI
Orbitrap;ESI-FT;LC;Thermo Fisher Scientific instrument model;FT;Orbitrap;HIGH;ESI
Dionex Ultimate 3000 UHPLC Thermo Scientific;;;;;;;
6533 QTOF Agilent;LC-ESI-QTOF;LC;Agilent instrument model;QTOF;6533;HIGH;ESI
Fisons VG Platform;LC-ESI-Q;LC;Waters instrument model;Q;Fisons VG Platform;LOW;ESI
None;FD-B (Unknown);LC;Unknown instrument model;B;TODELETE;LOW;FAB
JEOL JMS DX-303;FAB-B;LC;JEOL Ltd instrument model;B;JMS DX-303;LOW;FAB
None;LC-ESI-QTOF (ACQUITY UPLC System, Waters);LC;Waters instrument model;QTOF;;HIGH;ESI
6639 QTOF Agilent;LC-ESI-QTOF;LC;Agilent instrument model;QTOF;6639;HIGH;ESI
ABSciex API3200 LC/MS system;LC-ESI-QQQ;LC;SCIEX instrument model;QQQ;3200;LOW;ESI
6613 QTOF Agilent;LC-ESI-QTOF;LC;Agilent instrument model;QTOF;6613;HIGH;ESI
None;EBE;LC;Unknown instrument model;EBE;TODELETE;HIGH;??
None;ESI-TOF;LC;Unknown instrument model;TOF;;HIGH;ESI
SHIMADZU LKB-9000B;CI-B;GC;Shimadzu instrument model;B;LKB-9000B;LOW;CI
6638 QTOF Agilent;LC-ESI-QTOF;LC;Agilent instrument model;QTOF;6638;HIGH;ESI
None;in source CID;LC;Unknown instrument model;Unknown;TODELETE;HIGH;ESI
6582 QTOF Agilent;LC-ESI-QTOF;LC;Agilent instrument model;QTOF;6582;HIGH;ESI
LCQ ion-trap instrument (Finngan MAT, San Jose, CA, USA);;;;;;;
MSD 1100;QIT;LC;Agilent instrument model;QIT;MSD 1100;LOW;ESI
Agilent 6410 Triple Quadrupole LC/MS system;LC-ESI-QQQ;LC;Agilent instrument model;QQQ;6410;LOW;ESI
qTof;DI-ESI-qTof;LC;Unknown instrument model;QTOF;TODELETE;HIGH;ESI
Q-Exactive Thermo Fisher Scientific;LC-ESI-QFT;LC;Thermo Fisher Scientific instrument model;QFT;Q-Exactive;HIGH;ESI
None;LC-ESI-qTOF;LC;Unknown instrument model;QTOF;;HIGH;ESI
Hybrid FT;LC-ESI-Hybrid FT;LC;Unknown instrument model;FT;Orbitrap;HIGH;ESI
6616 QTOF Agilent;LC-ESI-QTOF;LC;Agilent instrument model;QTOF;6616;HIGH;ESI
None;LC-ESI-Hybrid FT;LC;Thermo Fisher Scientific instrument model;FT;Orbitrap;HIGH;ESI
QuattroPremier XE, Waters;LC-ESI-QQ;LC;Waters instrument model;QQ;Quattro Premier XE;LOW;ESI
API 2000;QqQ;LC;SCIEX instrument model;QQQ;API 2000;HIGH;ESI
None;APCI-ITTOF;LC;Unknown instrument model;ITTOF;;HIGH;APCI
IT-TOF;QIT;LC;Unknown instrument model;QIT;;HIGH;ESI
LC-ESI-ITTOF, Shimadzu;LC-ESI-ITTOF;LC;Shimadzu instrument model;ITTOF;;HIGH;ESI
6536 QTOF Agilent;LC-ESI-QTOF;LC;Agilent instrument model;QTOF;6536;HIGH;ESI
Unknown;FI-B;LC;Unknown instrument model;B;TODELETE;HIGH;UNKNOWN
